bank_name,sector,prime_rate,max_rate,reporting_date
ACCESS BANK,"AGRICULTURE, FORESTRY AND FISHING",,,2026-02-06
ALPHA MORGAN BANK,"AGRICULTURE, FORESTRY AND FISHING",25.5,32.0,2026-02-06
CITI BANK,"AGRICULTURE, FORESTRY AND FISHING",,,2026-02-06
CORONATION MERCHANT BANK,"AGRICULTURE, FORESTRY AND FISHING",19.5,23.0,2026-02-06
ECOBANK,"AGRICULTURE, FORESTRY AND FISHING",24.0,24.0,2026-02-06
FBN QUEST MERCHANT BANK,"AGRICULTURE, FORESTRY AND FISHING",26.75,35.0,2026-02-06
FCMB,"AGRICULTURE, FORESTRY AND FISHING",23.0,23.0,2026-02-06
FIDELITY BANK,"AGRICULTURE, FORESTRY AND FISHING",31.0,46.1,2026-02-06
FIRST BANK OF NIGERIA,"AGRICULTURE, FORESTRY AND FISHING",30.0,36.0,2026-02-06
FSDH MERCHANT BANK,"AGRICULTURE, FORESTRY AND FISHING",26.0,36.0,2026-02-06
GLOBUS BANK LTD,"AGRICULTURE, FORESTRY AND FISHING",26.0,30.0,2026-02-06
GREENWICH MERCHANT BANK,"AGRICULTURE, FORESTRY AND FISHING",31.0,33.0,2026-02-06
GUARANTY TRUST BANK,"AGRICULTURE, FORESTRY AND FISHING",27.0,30.0,2026-02-06
KEYSTONE BANK LTD,"AGRICULTURE, FORESTRY AND FISHING",19.0,29.0,2026-02-06
NOVA BANK,"AGRICULTURE, FORESTRY AND FISHING",30.5,36.0,2026-02-06
OPTIMUS BANK,"AGRICULTURE, FORESTRY AND FISHING",30.0,33.56,2026-02-06
PARALLEX BANK,"AGRICULTURE, FORESTRY AND FISHING",28.5,35.0,2026-02-06
POLARIS BANK,"AGRICULTURE, FORESTRY AND FISHING",30.0,32.5,2026-02-06
PREMIUM TRUST BANK,"AGRICULTURE, FORESTRY AND FISHING",29.0,36.0,2026-02-06
PROVIDUS BANK,"AGRICULTURE, FORESTRY AND FISHING",28.0,33.0,2026-02-06
RAND MERCHANT BANK NIG. LTD,"AGRICULTURE, FORESTRY AND FISHING",27.0,35.0,2026-02-06
SIGNATURE BANK,"AGRICULTURE, FORESTRY AND FISHING",21.5,22.0,2026-02-06
STANBIC IBTC,"AGRICULTURE, FORESTRY AND FISHING",,,2026-02-06
STANDARD CHARTERED BANK,"AGRICULTURE, FORESTRY AND FISHING",1.0,48.0,2026-02-06
STERLING BANK,"AGRICULTURE, FORESTRY AND FISHING",23.0,26.0,2026-02-06
SUNTRUST BANK,"AGRICULTURE, FORESTRY AND FISHING",27.5,35.0,2026-02-06
TATUM BANK,"AGRICULTURE, FORESTRY AND FISHING",22.0,34.0,2026-02-06
UNITED BANK FOR AFRICA,"AGRICULTURE, FORESTRY AND FISHING",,,2026-02-06
UNION BANK,"AGRICULTURE, FORESTRY AND FISHING",28.5,32.0,2026-02-06
UNITY BANK,"AGRICULTURE, FORESTRY AND FISHING",24.0,34.0,2026-02-06
WEMA BANK,"AGRICULTURE, FORESTRY AND FISHING",9.0,38.0,2026-02-06
ZENITH BANK,"AGRICULTURE, FORESTRY AND FISHING",32.5,30.5,2026-02-06
ACCESS BANK,MINING & QUARRYING,,,2026-02-06
ALPHA MORGAN BANK,MINING & QUARRYING,,,2026-02-06
CITI BANK,MINING & QUARRYING,,,2026-02-06
CORONATION MERCHANT BANK,MINING & QUARRYING,19.5,23.0,2026-02-06
ECOBANK,MINING & QUARRYING,9.0,9.0,2026-02-06
FBN QUEST MERCHANT BANK,MINING & QUARRYING,26.75,26.75,2026-02-06
FCMB,MINING & QUARRYING,9.0,9.0,2026-02-06
FIDELITY BANK,MINING & QUARRYING,31.0,,2026-02-06
FIRST BANK OF NIGERIA,MINING & QUARRYING,30.0,36.0,2026-02-06
FSDH MERCHANT BANK,MINING & QUARRYING,,,2026-02-06
GLOBUS BANK LTD,MINING & QUARRYING,,,2026-02-06
GREENWICH MERCHANT BANK,MINING & QUARRYING,31.0,33.0,2026-02-06
GUARANTY TRUST BANK,MINING & QUARRYING,,,2026-02-06
KEYSTONE BANK LTD,MINING & QUARRYING,,,2026-02-06
NOVA BANK,MINING & QUARRYING,30.5,36.0,2026-02-06
OPTIMUS BANK,MINING & QUARRYING,,,2026-02-06
PARALLEX BANK,MINING & QUARRYING,28.5,35.0,2026-02-06
POLARIS BANK,MINING & QUARRYING,30.0,32.5,2026-02-06
PREMIUM TRUST BANK,MINING & QUARRYING,29.0,35.0,2026-02-06
PROVIDUS BANK,MINING & QUARRYING,28.0,,2026-02-06
RAND MERCHANT BANK NIG. LTD,MINING & QUARRYING,27.0,35.0,2026-02-06
SIGNATURE BANK,MINING & QUARRYING,,,2026-02-06
STANBIC IBTC,MINING & QUARRYING,,,2026-02-06
STANDARD CHARTERED BANK,MINING & QUARRYING,,,2026-02-06
STERLING BANK,MINING & QUARRYING,23.0,26.0,2026-02-06
SUNTRUST BANK,MINING & QUARRYING,27.5,35.0,2026-02-06
TATUM BANK,MINING & QUARRYING,,,2026-02-06
UNITED BANK FOR AFRICA,MINING & QUARRYING,,,2026-02-06
UNION BANK,MINING & QUARRYING,28.5,32.0,2026-02-06
UNITY BANK,MINING & QUARRYING,,,2026-02-06
WEMA BANK,MINING & QUARRYING,30.0,38.0,2026-02-06
ZENITH BANK,MINING & QUARRYING,32.5,34.5,2026-02-06
ACCESS BANK,MANUFACTURING,,,2026-02-06
ALPHA MORGAN BANK,MANUFACTURING,25.5,32.0,2026-02-06
CITI BANK,MANUFACTURING,27.0,33.0,2026-02-06
CORONATION MERCHANT BANK,MANUFACTURING,19.5,23.0,2026-02-06
ECOBANK,MANUFACTURING,9.0,35.0,2026-02-06
FBN QUEST MERCHANT BANK,MANUFACTURING,26.75,35.0,2026-02-06
FCMB,MANUFACTURING,7.0,33.0,2026-02-06
FIDELITY BANK,MANUFACTURING,31.0,46.1,2026-02-06
FIRST BANK OF NIGERIA,MANUFACTURING,30.0,36.0,2026-02-06
FSDH MERCHANT BANK,MANUFACTURING,26.0,36.0,2026-02-06
GLOBUS BANK LTD,MANUFACTURING,25.0,29.0,2026-02-06
GREENWICH MERCHANT BANK,MANUFACTURING,31.0,33.0,2026-02-06
GUARANTY TRUST BANK,MANUFACTURING,27.0,30.0,2026-02-06
KEYSTONE BANK LTD,MANUFACTURING,10.0,32.0,2026-02-06
NOVA BANK,MANUFACTURING,30.5,36.0,2026-02-06
OPTIMUS BANK,MANUFACTURING,30.0,17.32,2026-02-06
PARALLEX BANK,MANUFACTURING,28.5,35.0,2026-02-06
POLARIS BANK,MANUFACTURING,30.0,32.5,2026-02-06
PREMIUM TRUST BANK,MANUFACTURING,29.0,36.0,2026-02-06
PROVIDUS BANK,MANUFACTURING,28.0,35.0,2026-02-06
RAND MERCHANT BANK NIG. LTD,MANUFACTURING,27.0,35.0,2026-02-06
SIGNATURE BANK,MANUFACTURING,21.0,23.0,2026-02-06
STANBIC IBTC,MANUFACTURING,32.0,36.0,2026-02-06
STANDARD CHARTERED BANK,MANUFACTURING,1.0,60.0,2026-02-06
STERLING BANK,MANUFACTURING,23.0,26.0,2026-02-06
SUNTRUST BANK,MANUFACTURING,27.5,35.0,2026-02-06
TATUM BANK,MANUFACTURING,22.0,36.0,2026-02-06
UNITED BANK FOR AFRICA,MANUFACTURING,,,2026-02-06
UNION BANK,MANUFACTURING,28.5,32.0,2026-02-06
UNITY BANK,MANUFACTURING,30.0,37.0,2026-02-06
WEMA BANK,MANUFACTURING,30.0,38.0,2026-02-06
ZENITH BANK,MANUFACTURING,32.5,33.5,2026-02-06
ACCESS BANK,REAL ESTATE ACTIVITIES,,,2026-02-06
ALPHA MORGAN BANK,REAL ESTATE ACTIVITIES,25.5,32.0,2026-02-06
CITI BANK,REAL ESTATE ACTIVITIES,,,2026-02-06
CORONATION MERCHANT BANK,REAL ESTATE ACTIVITIES,19.5,23.0,2026-02-06
ECOBANK,REAL ESTATE ACTIVITIES,,,2026-02-06
FBN QUEST MERCHANT BANK,REAL ESTATE ACTIVITIES,26.75,35.0,2026-02-06
FCMB,REAL ESTATE ACTIVITIES,30.0,30.0,2026-02-06
FIDELITY BANK,REAL ESTATE ACTIVITIES,31.0,46.1,2026-02-06
FIRST BANK OF NIGERIA,REAL ESTATE ACTIVITIES,30.0,36.0,2026-02-06
FSDH MERCHANT BANK,REAL ESTATE ACTIVITIES,26.0,36.0,2026-02-06
GLOBUS BANK LTD,REAL ESTATE ACTIVITIES,,,2026-02-06
GREENWICH MERCHANT BANK,REAL ESTATE ACTIVITIES,31.0,33.0,2026-02-06
GUARANTY TRUST BANK,REAL ESTATE ACTIVITIES,,,2026-02-06
KEYSTONE BANK LTD,REAL ESTATE ACTIVITIES,27.0,27.0,2026-02-06
NOVA BANK,REAL ESTATE ACTIVITIES,30.5,36.0,2026-02-06
OPTIMUS BANK,REAL ESTATE ACTIVITIES,30.0,30.0,2026-02-06
PARALLEX BANK,REAL ESTATE ACTIVITIES,28.5,35.0,2026-02-06
POLARIS BANK,REAL ESTATE ACTIVITIES,30.0,32.5,2026-02-06
PREMIUM TRUST BANK,REAL ESTATE ACTIVITIES,29.0,36.0,2026-02-06
PROVIDUS BANK,REAL ESTATE ACTIVITIES,28.0,35.0,2026-02-06
RAND MERCHANT BANK NIG. LTD,REAL ESTATE ACTIVITIES,27.0,35.0,2026-02-06
SIGNATURE BANK,REAL ESTATE ACTIVITIES,,,2026-02-06
STANBIC IBTC,REAL ESTATE ACTIVITIES,,,2026-02-06
STANDARD CHARTERED BANK,REAL ESTATE ACTIVITIES,8.0,48.0,2026-02-06
STERLING BANK,REAL ESTATE ACTIVITIES,23.0,26.0,2026-02-06
SUNTRUST BANK,REAL ESTATE ACTIVITIES,27.5,35.0,2026-02-06
TATUM BANK,REAL ESTATE ACTIVITIES,20.5,33.0,2026-02-06
UNITED BANK FOR AFRICA,REAL ESTATE ACTIVITIES,,,2026-02-06
UNION BANK,REAL ESTATE ACTIVITIES,28.5,32.0,2026-02-06
UNITY BANK,REAL ESTATE ACTIVITIES,30.0,37.0,2026-02-06
WEMA BANK,REAL ESTATE ACTIVITIES,30.0,38.0,2026-02-06
ZENITH BANK,REAL ESTATE ACTIVITIES,32.5,32.5,2026-02-06
ACCESS BANK,PUBLIC UTILITIES,,,2026-02-06
ALPHA MORGAN BANK,PUBLIC UTILITIES,,,2026-02-06
CITI BANK,PUBLIC UTILITIES,,,2026-02-06
CORONATION MERCHANT BANK,PUBLIC UTILITIES,,,2026-02-06
ECOBANK,PUBLIC UTILITIES,,,2026-02-06
FBN QUEST MERCHANT BANK,PUBLIC UTILITIES,,,2026-02-06
FCMB,PUBLIC UTILITIES,,,2026-02-06
FIDELITY BANK,PUBLIC UTILITIES,31.0,,2026-02-06
FIRST BANK OF NIGERIA,PUBLIC UTILITIES,30.0,36.0,2026-02-06
FSDH MERCHANT BANK,PUBLIC UTILITIES,26.0,29.75,2026-02-06
GLOBUS BANK LTD,PUBLIC UTILITIES,,,2026-02-06
GREENWICH MERCHANT BANK,PUBLIC UTILITIES,31.0,33.0,2026-02-06
GUARANTY TRUST BANK,PUBLIC UTILITIES,,,2026-02-06
KEYSTONE BANK LTD,PUBLIC UTILITIES,,,2026-02-06
NOVA BANK,PUBLIC UTILITIES,30.5,36.0,2026-02-06
OPTIMUS BANK,PUBLIC UTILITIES,30.0,20.0,2026-02-06
PARALLEX BANK,PUBLIC UTILITIES,28.5,35.0,2026-02-06
POLARIS BANK,PUBLIC UTILITIES,30.0,32.5,2026-02-06
PREMIUM TRUST BANK,PUBLIC UTILITIES,,,2026-02-06
PROVIDUS BANK,PUBLIC UTILITIES,28.0,,2026-02-06
RAND MERCHANT BANK NIG. LTD,PUBLIC UTILITIES,27.0,35.0,2026-02-06
SIGNATURE BANK,PUBLIC UTILITIES,,,2026-02-06
STANBIC IBTC,PUBLIC UTILITIES,,,2026-02-06
STANDARD CHARTERED BANK,PUBLIC UTILITIES,1.0,48.0,2026-02-06
STERLING BANK,PUBLIC UTILITIES,23.0,26.0,2026-02-06
SUNTRUST BANK,PUBLIC UTILITIES,27.5,35.0,2026-02-06
TATUM BANK,PUBLIC UTILITIES,,,2026-02-06
UNITED BANK FOR AFRICA,PUBLIC UTILITIES,,,2026-02-06
UNION BANK,PUBLIC UTILITIES,28.5,30.0,2026-02-06
UNITY BANK,PUBLIC UTILITIES,,,2026-02-06
WEMA BANK,PUBLIC UTILITIES,30.0,38.0,2026-02-06
ZENITH BANK,PUBLIC UTILITIES,32.5,34.5,2026-02-06
ACCESS BANK,GENERAL COMMERCE,,,2026-02-06
ALPHA MORGAN BANK,GENERAL COMMERCE,25.5,32.0,2026-02-06
CITI BANK,GENERAL COMMERCE,27.0,33.0,2026-02-06
CORONATION MERCHANT BANK,GENERAL COMMERCE,19.5,23.0,2026-02-06
ECOBANK,GENERAL COMMERCE,11.65,34.0,2026-02-06
FBN QUEST MERCHANT BANK,GENERAL COMMERCE,26.75,35.0,2026-02-06
FCMB,GENERAL COMMERCE,26.3,26.3,2026-02-06
FIDELITY BANK,GENERAL COMMERCE,31.0,46.1,2026-02-06
FIRST BANK OF NIGERIA,GENERAL COMMERCE,30.0,36.0,2026-02-06
FSDH MERCHANT BANK,GENERAL COMMERCE,26.0,36.0,2026-02-06
GLOBUS BANK LTD,GENERAL COMMERCE,25.0,33.0,2026-02-06
GREENWICH MERCHANT BANK,GENERAL COMMERCE,31.0,33.0,2026-02-06
GUARANTY TRUST BANK,GENERAL COMMERCE,27.0,30.0,2026-02-06
KEYSTONE BANK LTD,GENERAL COMMERCE,25.0,32.0,2026-02-06
NOVA BANK,GENERAL COMMERCE,30.5,36.0,2026-02-06
OPTIMUS BANK,GENERAL COMMERCE,30.0,23.93,2026-02-06
PARALLEX BANK,GENERAL COMMERCE,28.5,35.0,2026-02-06
POLARIS BANK,GENERAL COMMERCE,30.0,32.5,2026-02-06
PREMIUM TRUST BANK,GENERAL COMMERCE,29.0,47.31,2026-02-06
PROVIDUS BANK,GENERAL COMMERCE,28.0,36.0,2026-02-06
RAND MERCHANT BANK NIG. LTD,GENERAL COMMERCE,27.0,35.0,2026-02-06
SIGNATURE BANK,GENERAL COMMERCE,24.5,24.5,2026-02-06
STANBIC IBTC,GENERAL COMMERCE,32.0,36.0,2026-02-06
STANDARD CHARTERED BANK,GENERAL COMMERCE,1.0,60.0,2026-02-06
STERLING BANK,GENERAL COMMERCE,23.0,26.0,2026-02-06
SUNTRUST BANK,GENERAL COMMERCE,27.5,35.0,2026-02-06
TATUM BANK,GENERAL COMMERCE,22.0,34.0,2026-02-06
UNITED BANK FOR AFRICA,GENERAL COMMERCE,,,2026-02-06
UNION BANK,GENERAL COMMERCE,28.5,40.0,2026-02-06
UNITY BANK,GENERAL COMMERCE,29.0,37.0,2026-02-06
WEMA BANK,GENERAL COMMERCE,30.0,38.0,2026-02-06
ZENITH BANK,GENERAL COMMERCE,32.5,34.5,2026-02-06
ACCESS BANK,TRANSPORTATION & STORAGE,,,2026-02-06
ALPHA MORGAN BANK,TRANSPORTATION & STORAGE,25.5,32.0,2026-02-06
CITI BANK,TRANSPORTATION & STORAGE,,,2026-02-06
CORONATION MERCHANT BANK,TRANSPORTATION & STORAGE,19.5,23.0,2026-02-06
ECOBANK,TRANSPORTATION & STORAGE,9.0,30.0,2026-02-06
FBN QUEST MERCHANT BANK,TRANSPORTATION & STORAGE,26.75,26.75,2026-02-06
FCMB,TRANSPORTATION & STORAGE,,33.0,2026-02-06
FIDELITY BANK,TRANSPORTATION & STORAGE,31.0,46.1,2026-02-06
FIRST BANK OF NIGERIA,TRANSPORTATION & STORAGE,30.0,36.0,2026-02-06
FSDH MERCHANT BANK,TRANSPORTATION & STORAGE,26.0,36.0,2026-02-06
GLOBUS BANK LTD,TRANSPORTATION & STORAGE,,,2026-02-06
GREENWICH MERCHANT BANK,TRANSPORTATION & STORAGE,31.0,33.0,2026-02-06
GUARANTY TRUST BANK,TRANSPORTATION & STORAGE,27.0,30.0,2026-02-06
KEYSTONE BANK LTD,TRANSPORTATION & STORAGE,26.4,26.4,2026-02-06
NOVA BANK,TRANSPORTATION & STORAGE,30.5,36.0,2026-02-06
OPTIMUS BANK,TRANSPORTATION & STORAGE,30.0,25.29,2026-02-06
PARALLEX BANK,TRANSPORTATION & STORAGE,28.5,35.0,2026-02-06
POLARIS BANK,TRANSPORTATION & STORAGE,30.0,32.5,2026-02-06
PREMIUM TRUST BANK,TRANSPORTATION & STORAGE,29.0,36.0,2026-02-06
PROVIDUS BANK,TRANSPORTATION & STORAGE,28.0,30.0,2026-02-06
RAND MERCHANT BANK NIG. LTD,TRANSPORTATION & STORAGE,27.0,35.0,2026-02-06
SIGNATURE BANK,TRANSPORTATION & STORAGE,,,2026-02-06
STANBIC IBTC,TRANSPORTATION & STORAGE,,,2026-02-06
STANDARD CHARTERED BANK,TRANSPORTATION & STORAGE,1.0,60.0,2026-02-06
STERLING BANK,TRANSPORTATION & STORAGE,23.0,26.0,2026-02-06
SUNTRUST BANK,TRANSPORTATION & STORAGE,27.5,35.0,2026-02-06
TATUM BANK,TRANSPORTATION & STORAGE,22.0,30.0,2026-02-06
UNITED BANK FOR AFRICA,TRANSPORTATION & STORAGE,,,2026-02-06
UNION BANK,TRANSPORTATION & STORAGE,28.5,32.0,2026-02-06
UNITY BANK,TRANSPORTATION & STORAGE,27.0,34.0,2026-02-06
WEMA BANK,TRANSPORTATION & STORAGE,30.0,38.0,2026-02-06
ZENITH BANK,TRANSPORTATION & STORAGE,32.5,34.5,2026-02-06
ACCESS BANK,FINANCE & INSURANCE,,,2026-02-06
ALPHA MORGAN BANK,FINANCE & INSURANCE,25.5,32.0,2026-02-06
CITI BANK,FINANCE & INSURANCE,,,2026-02-06
CORONATION MERCHANT BANK,FINANCE & INSURANCE,19.5,23.0,2026-02-06
ECOBANK,FINANCE & INSURANCE,,,2026-02-06
FBN QUEST MERCHANT BANK,FINANCE & INSURANCE,26.75,35.0,2026-02-06
FCMB,FINANCE & INSURANCE,,,2026-02-06
FIDELITY BANK,FINANCE & INSURANCE,31.0,39.5,2026-02-06
FIRST BANK OF NIGERIA,FINANCE & INSURANCE,30.0,36.0,2026-02-06
FSDH MERCHANT BANK,FINANCE & INSURANCE,26.0,34.0,2026-02-06
GLOBUS BANK LTD,FINANCE & INSURANCE,24.0,33.0,2026-02-06
GREENWICH MERCHANT BANK,FINANCE & INSURANCE,31.0,33.0,2026-02-06
GUARANTY TRUST BANK,FINANCE & INSURANCE,27.0,30.0,2026-02-06
KEYSTONE BANK LTD,FINANCE & INSURANCE,29.0,29.0,2026-02-06
NOVA BANK,FINANCE & INSURANCE,30.5,36.0,2026-02-06
OPTIMUS BANK,FINANCE & INSURANCE,30.0,24.5,2026-02-06
PARALLEX BANK,FINANCE & INSURANCE,28.5,35.0,2026-02-06
POLARIS BANK,FINANCE & INSURANCE,30.0,32.5,2026-02-06
PREMIUM TRUST BANK,FINANCE & INSURANCE,29.0,36.0,2026-02-06
PROVIDUS BANK,FINANCE & INSURANCE,28.0,32.0,2026-02-06
RAND MERCHANT BANK NIG. LTD,FINANCE & INSURANCE,27.0,35.0,2026-02-06
SIGNATURE BANK,FINANCE & INSURANCE,,,2026-02-06
STANBIC IBTC,FINANCE & INSURANCE,32.0,36.0,2026-02-06
STANDARD CHARTERED BANK,FINANCE & INSURANCE,1.0,60.0,2026-02-06
STERLING BANK,FINANCE & INSURANCE,23.0,26.0,2026-02-06
SUNTRUST BANK,FINANCE & INSURANCE,27.5,35.0,2026-02-06
TATUM BANK,FINANCE & INSURANCE,25.5,38.0,2026-02-06
UNITED BANK FOR AFRICA,FINANCE & INSURANCE,,,2026-02-06
UNION BANK,FINANCE & INSURANCE,28.5,32.0,2026-02-06
UNITY BANK,FINANCE & INSURANCE,,,2026-02-06
WEMA BANK,FINANCE & INSURANCE,30.0,38.0,2026-02-06
ZENITH BANK,FINANCE & INSURANCE,32.5,32.5,2026-02-06
ACCESS BANK,GENERAL,,,2026-02-06
ALPHA MORGAN BANK,GENERAL,25.5,32.0,2026-02-06
CITI BANK,GENERAL,27.0,33.0,2026-02-06
CORONATION MERCHANT BANK,GENERAL,19.5,23.0,2026-02-06
ECOBANK,GENERAL,25.0,33.0,2026-02-06
FBN QUEST MERCHANT BANK,GENERAL,26.75,48.0,2026-02-06
FCMB,GENERAL,5.0,5.0,2026-02-06
FIDELITY BANK,GENERAL,31.0,46.1,2026-02-06
FIRST BANK OF NIGERIA,GENERAL,30.0,36.0,2026-02-06
FSDH MERCHANT BANK,GENERAL,26.0,38.0,2026-02-06
GLOBUS BANK LTD,GENERAL,26.5,33.0,2026-02-06
GREENWICH MERCHANT BANK,GENERAL,31.0,33.0,2026-02-06
GUARANTY TRUST BANK,GENERAL,27.0,30.0,2026-02-06
KEYSTONE BANK LTD,GENERAL,3.0,35.0,2026-02-06
NOVA BANK,GENERAL,30.5,36.0,2026-02-06
OPTIMUS BANK,GENERAL,30.0,17.58,2026-02-06
PARALLEX BANK,GENERAL,28.5,35.0,2026-02-06
POLARIS BANK,GENERAL,30.0,32.5,2026-02-06
PREMIUM TRUST BANK,GENERAL,29.0,39.9,2026-02-06
PROVIDUS BANK,GENERAL,28.0,36.0,2026-02-06
RAND MERCHANT BANK NIG. LTD,GENERAL,27.0,35.0,2026-02-06
SIGNATURE BANK,GENERAL,22.5,23.0,2026-02-06
STANBIC IBTC,GENERAL,,,2026-02-06
STANDARD CHARTERED BANK,GENERAL,1.0,60.0,2026-02-06
STERLING BANK,GENERAL,27.0,29.0,2026-02-06
SUNTRUST BANK,GENERAL,27.5,35.0,2026-02-06
TATUM BANK,GENERAL,22.0,37.0,2026-02-06
UNITED BANK FOR AFRICA,GENERAL,35.43,40.43,2026-02-06
UNION BANK,GENERAL,28.5,32.0,2026-02-06
UNITY BANK,GENERAL,17.1,37.0,2026-02-06
WEMA BANK,GENERAL,30.0,38.0,2026-02-06
ZENITH BANK,GENERAL,32.5,34.5,2026-02-06
ACCESS BANK,GOVERNMENT,,,2026-02-06
ALPHA MORGAN BANK,GOVERNMENT,23.0,28.5,2026-02-06
CITI BANK,GOVERNMENT,,,2026-02-06
CORONATION MERCHANT BANK,GOVERNMENT,,,2026-02-06
ECOBANK,GOVERNMENT,,,2026-02-06
FBN QUEST MERCHANT BANK,GOVERNMENT,26.75,35.0,2026-02-06
FCMB,GOVERNMENT,,,2026-02-06
FIDELITY BANK,GOVERNMENT,20.0,31.0,2026-02-06
FIRST BANK OF NIGERIA,GOVERNMENT,30.0,36.0,2026-02-06
FSDH MERCHANT BANK,GOVERNMENT,26.0,32.0,2026-02-06
GLOBUS BANK LTD,GOVERNMENT,,,2026-02-06
GREENWICH MERCHANT BANK,GOVERNMENT,31.0,33.0,2026-02-06
GUARANTY TRUST BANK,GOVERNMENT,,,2026-02-06
KEYSTONE BANK LTD,GOVERNMENT,22.0,23.5,2026-02-06
NOVA BANK,GOVERNMENT,30.5,36.0,2026-02-06
OPTIMUS BANK,GOVERNMENT,,,2026-02-06
PARALLEX BANK,GOVERNMENT,28.5,35.0,2026-02-06
POLARIS BANK,GOVERNMENT,30.0,32.5,2026-02-06
PREMIUM TRUST BANK,GOVERNMENT,29.0,36.0,2026-02-06
PROVIDUS BANK,GOVERNMENT,28.0,35.0,2026-02-06
RAND MERCHANT BANK NIG. LTD,GOVERNMENT,27.0,35.0,2026-02-06
SIGNATURE BANK,GOVERNMENT,,,2026-02-06
STANBIC IBTC,GOVERNMENT,,,2026-02-06
STANDARD CHARTERED BANK,GOVERNMENT,20.0,28.0,2026-02-06
STERLING BANK,GOVERNMENT,23.0,26.0,2026-02-06
SUNTRUST BANK,GOVERNMENT,27.5,35.0,2026-02-06
TATUM BANK,GOVERNMENT,,,2026-02-06
UNITED BANK FOR AFRICA,GOVERNMENT,,,2026-02-06
UNION BANK,GOVERNMENT,28.5,32.0,2026-02-06
UNITY BANK,GOVERNMENT,25.0,27.0,2026-02-06
WEMA BANK,GOVERNMENT,30.0,38.0,2026-02-06
ZENITH BANK,GOVERNMENT,32.5,30.5,2026-02-06
ACCESS BANK,"WATER SUPPLY, SEWAGE, WASTE MANAGEMENT AND REMEDIATION",,,2026-02-06
ALPHA MORGAN BANK,"WATER SUPPLY, SEWAGE, WASTE MANAGEMENT AND REMEDIATION",25.5,28.5,2026-02-06
CITI BANK,"WATER SUPPLY, SEWAGE, WASTE MANAGEMENT AND REMEDIATION",,,2026-02-06
CORONATION MERCHANT BANK,"WATER SUPPLY, SEWAGE, WASTE MANAGEMENT AND REMEDIATION",,,2026-02-06
ECOBANK,"WATER SUPPLY, SEWAGE, WASTE MANAGEMENT AND REMEDIATION",,,2026-02-06
FBN QUEST MERCHANT BANK,"WATER SUPPLY, SEWAGE, WASTE MANAGEMENT AND REMEDIATION",26.75,26.75,2026-02-06
FCMB,"WATER SUPPLY, SEWAGE, WASTE MANAGEMENT AND REMEDIATION",,,2026-02-06
FIDELITY BANK,"WATER SUPPLY, SEWAGE, WASTE MANAGEMENT AND REMEDIATION",31.0,46.1,2026-02-06
FIRST BANK OF NIGERIA,"WATER SUPPLY, SEWAGE, WASTE MANAGEMENT AND REMEDIATION",30.0,36.0,2026-02-06
FSDH MERCHANT BANK,"WATER SUPPLY, SEWAGE, WASTE MANAGEMENT AND REMEDIATION",,,2026-02-06
GLOBUS BANK LTD,"WATER SUPPLY, SEWAGE, WASTE MANAGEMENT AND REMEDIATION",,,2026-02-06
GREENWICH MERCHANT BANK,"WATER SUPPLY, SEWAGE, WASTE MANAGEMENT AND REMEDIATION",31.0,33.0,2026-02-06
GUARANTY TRUST BANK,"WATER SUPPLY, SEWAGE, WASTE MANAGEMENT AND REMEDIATION",,,2026-02-06
KEYSTONE BANK LTD,"WATER SUPPLY, SEWAGE, WASTE MANAGEMENT AND REMEDIATION",12.0,12.0,2026-02-06
NOVA BANK,"WATER SUPPLY, SEWAGE, WASTE MANAGEMENT AND REMEDIATION",30.5,36.0,2026-02-06
OPTIMUS BANK,"WATER SUPPLY, SEWAGE, WASTE MANAGEMENT AND REMEDIATION",30.0,20.07,2026-02-06
PARALLEX BANK,"WATER SUPPLY, SEWAGE, WASTE MANAGEMENT AND REMEDIATION",28.5,35.0,2026-02-06
POLARIS BANK,"WATER SUPPLY, SEWAGE, WASTE MANAGEMENT AND REMEDIATION",30.0,32.5,2026-02-06
PREMIUM TRUST BANK,"WATER SUPPLY, SEWAGE, WASTE MANAGEMENT AND REMEDIATION",29.0,36.0,2026-02-06
PROVIDUS BANK,"WATER SUPPLY, SEWAGE, WASTE MANAGEMENT AND REMEDIATION",28.0,30.0,2026-02-06
RAND MERCHANT BANK NIG. LTD,"WATER SUPPLY, SEWAGE, WASTE MANAGEMENT AND REMEDIATION",27.0,35.0,2026-02-06
SIGNATURE BANK,"WATER SUPPLY, SEWAGE, WASTE MANAGEMENT AND REMEDIATION",,,2026-02-06
STANBIC IBTC,"WATER SUPPLY, SEWAGE, WASTE MANAGEMENT AND REMEDIATION",,,2026-02-06
STANDARD CHARTERED BANK,"WATER SUPPLY, SEWAGE, WASTE MANAGEMENT AND REMEDIATION",1.0,60.0,2026-02-06
STERLING BANK,"WATER SUPPLY, SEWAGE, WASTE MANAGEMENT AND REMEDIATION",23.0,26.0,2026-02-06
SUNTRUST BANK,"WATER SUPPLY, SEWAGE, WASTE MANAGEMENT AND REMEDIATION",27.5,35.0,2026-02-06
TATUM BANK,"WATER SUPPLY, SEWAGE, WASTE MANAGEMENT AND REMEDIATION",,,2026-02-06
UNITED BANK FOR AFRICA,"WATER SUPPLY, SEWAGE, WASTE MANAGEMENT AND REMEDIATION",,,2026-02-06
UNION BANK,"WATER SUPPLY, SEWAGE, WASTE MANAGEMENT AND REMEDIATION",28.5,32.0,2026-02-06
UNITY BANK,"WATER SUPPLY, SEWAGE, WASTE MANAGEMENT AND REMEDIATION",,,2026-02-06
WEMA BANK,"WATER SUPPLY, SEWAGE, WASTE MANAGEMENT AND REMEDIATION",30.0,38.0,2026-02-06
ZENITH BANK,"WATER SUPPLY, SEWAGE, WASTE MANAGEMENT AND REMEDIATION",32.5,28.5,2026-02-06
ACCESS BANK,CONSTRUCTION,,,2026-02-06
ALPHA MORGAN BANK,CONSTRUCTION,25.5,32.0,2026-02-06
CITI BANK,CONSTRUCTION,27.0,33.0,2026-02-06
CORONATION MERCHANT BANK,CONSTRUCTION,19.5,23.0,2026-02-06
ECOBANK,CONSTRUCTION,,,2026-02-06
FBN QUEST MERCHANT BANK,CONSTRUCTION,26.75,35.0,2026-02-06
FCMB,CONSTRUCTION,,,2026-02-06
FIDELITY BANK,CONSTRUCTION,31.0,46.1,2026-02-06
FIRST BANK OF NIGERIA,CONSTRUCTION,30.0,36.0,2026-02-06
FSDH MERCHANT BANK,CONSTRUCTION,26.0,36.0,2026-02-06
GLOBUS BANK LTD,CONSTRUCTION,30.0,30.0,2026-02-06
GREENWICH MERCHANT BANK,CONSTRUCTION,31.0,33.0,2026-02-06
GUARANTY TRUST BANK,CONSTRUCTION,,,2026-02-06
KEYSTONE BANK LTD,CONSTRUCTION,32.0,32.0,2026-02-06
NOVA BANK,CONSTRUCTION,30.5,36.0,2026-02-06
OPTIMUS BANK,CONSTRUCTION,30.0,20.0,2026-02-06
PARALLEX BANK,CONSTRUCTION,28.5,35.0,2026-02-06
POLARIS BANK,CONSTRUCTION,30.0,32.5,2026-02-06
PREMIUM TRUST BANK,CONSTRUCTION,29.0,36.0,2026-02-06
PROVIDUS BANK,CONSTRUCTION,28.0,35.0,2026-02-06
RAND MERCHANT BANK NIG. LTD,CONSTRUCTION,27.0,35.0,2026-02-06
SIGNATURE BANK,CONSTRUCTION,,,2026-02-06
STANBIC IBTC,CONSTRUCTION,32.0,36.0,2026-02-06
STANDARD CHARTERED BANK,CONSTRUCTION,1.0,48.0,2026-02-06
STERLING BANK,CONSTRUCTION,23.0,26.0,2026-02-06
SUNTRUST BANK,CONSTRUCTION,27.5,35.0,2026-02-06
TATUM BANK,CONSTRUCTION,22.0,33.0,2026-02-06
UNITED BANK FOR AFRICA,CONSTRUCTION,,,2026-02-06
UNION BANK,CONSTRUCTION,28.5,32.0,2026-02-06
UNITY BANK,CONSTRUCTION,32.0,37.0,2026-02-06
WEMA BANK,CONSTRUCTION,30.0,38.0,2026-02-06
ZENITH BANK,CONSTRUCTION,32.5,34.5,2026-02-06
ACCESS BANK,INFORMATION AND COMMUNICATION,,,2026-02-06
ALPHA MORGAN BANK,INFORMATION AND COMMUNICATION,25.5,32.0,2026-02-06
CITI BANK,INFORMATION AND COMMUNICATION,27.0,33.0,2026-02-06
CORONATION MERCHANT BANK,INFORMATION AND COMMUNICATION,19.5,23.0,2026-02-06
ECOBANK,INFORMATION AND COMMUNICATION,33.0,33.0,2026-02-06
FBN QUEST MERCHANT BANK,INFORMATION AND COMMUNICATION,26.75,35.0,2026-02-06
FCMB,INFORMATION AND COMMUNICATION,30.0,30.0,2026-02-06
FIDELITY BANK,INFORMATION AND COMMUNICATION,31.0,46.1,2026-02-06
FIRST BANK OF NIGERIA,INFORMATION AND COMMUNICATION,30.0,36.0,2026-02-06
FSDH MERCHANT BANK,INFORMATION AND COMMUNICATION,26.0,35.0,2026-02-06
GLOBUS BANK LTD,INFORMATION AND COMMUNICATION,29.0,29.0,2026-02-06
GREENWICH MERCHANT BANK,INFORMATION AND COMMUNICATION,31.0,33.0,2026-02-06
GUARANTY TRUST BANK,INFORMATION AND COMMUNICATION,27.0,30.0,2026-02-06
KEYSTONE BANK LTD,INFORMATION AND COMMUNICATION,26.5,26.5,2026-02-06
NOVA BANK,INFORMATION AND COMMUNICATION,30.5,36.0,2026-02-06
OPTIMUS BANK,INFORMATION AND COMMUNICATION,30.0,20.0,2026-02-06
PARALLEX BANK,INFORMATION AND COMMUNICATION,28.5,35.0,2026-02-06
POLARIS BANK,INFORMATION AND COMMUNICATION,30.0,32.5,2026-02-06
PREMIUM TRUST BANK,INFORMATION AND COMMUNICATION,29.0,36.6,2026-02-06
PROVIDUS BANK,INFORMATION AND COMMUNICATION,28.0,24.0,2026-02-06
RAND MERCHANT BANK NIG. LTD,INFORMATION AND COMMUNICATION,27.0,35.0,2026-02-06
SIGNATURE BANK,INFORMATION AND COMMUNICATION,24.0,24.0,2026-02-06
STANBIC IBTC,INFORMATION AND COMMUNICATION,,,2026-02-06
STANDARD CHARTERED BANK,INFORMATION AND COMMUNICATION,8.0,31.25,2026-02-06
STERLING BANK,INFORMATION AND COMMUNICATION,23.0,26.0,2026-02-06
SUNTRUST BANK,INFORMATION AND COMMUNICATION,27.5,35.0,2026-02-06
TATUM BANK,INFORMATION AND COMMUNICATION,25.5,26.0,2026-02-06
UNITED BANK FOR AFRICA,INFORMATION AND COMMUNICATION,,,2026-02-06
UNION BANK,INFORMATION AND COMMUNICATION,28.5,32.0,2026-02-06
UNITY BANK,INFORMATION AND COMMUNICATION,,,2026-02-06
WEMA BANK,INFORMATION AND COMMUNICATION,30.0,38.0,2026-02-06
ZENITH BANK,INFORMATION AND COMMUNICATION,32.5,34.5,2026-02-06
ACCESS BANK,"PROFESSIONAL, SCIENTIFIC AND TECHNICAL ACTIVITIES",,,2026-02-06
ALPHA MORGAN BANK,"PROFESSIONAL, SCIENTIFIC AND TECHNICAL ACTIVITIES",25.5,30.0,2026-02-06
CITI BANK,"PROFESSIONAL, SCIENTIFIC AND TECHNICAL ACTIVITIES",,,2026-02-06
CORONATION MERCHANT BANK,"PROFESSIONAL, SCIENTIFIC AND TECHNICAL ACTIVITIES",19.5,23.0,2026-02-06
ECOBANK,"PROFESSIONAL, SCIENTIFIC AND TECHNICAL ACTIVITIES",,,2026-02-06
FBN QUEST MERCHANT BANK,"PROFESSIONAL, SCIENTIFIC AND TECHNICAL ACTIVITIES",26.75,35.0,2026-02-06
FCMB,"PROFESSIONAL, SCIENTIFIC AND TECHNICAL ACTIVITIES",,,2026-02-06
FIDELITY BANK,"PROFESSIONAL, SCIENTIFIC AND TECHNICAL ACTIVITIES",31.0,46.1,2026-02-06
FIRST BANK OF NIGERIA,"PROFESSIONAL, SCIENTIFIC AND TECHNICAL ACTIVITIES",30.0,36.0,2026-02-06
FSDH MERCHANT BANK,"PROFESSIONAL, SCIENTIFIC AND TECHNICAL ACTIVITIES",26.0,36.0,2026-02-06
GLOBUS BANK LTD,"PROFESSIONAL, SCIENTIFIC AND TECHNICAL ACTIVITIES",31.0,32.0,2026-02-06
GREENWICH MERCHANT BANK,"PROFESSIONAL, SCIENTIFIC AND TECHNICAL ACTIVITIES",31.0,33.0,2026-02-06
GUARANTY TRUST BANK,"PROFESSIONAL, SCIENTIFIC AND TECHNICAL ACTIVITIES",27.0,30.0,2026-02-06
KEYSTONE BANK LTD,"PROFESSIONAL, SCIENTIFIC AND TECHNICAL ACTIVITIES",28.0,31.5,2026-02-06
NOVA BANK,"PROFESSIONAL, SCIENTIFIC AND TECHNICAL ACTIVITIES",30.5,36.0,2026-02-06
OPTIMUS BANK,"PROFESSIONAL, SCIENTIFIC AND TECHNICAL ACTIVITIES",,,2026-02-06
PARALLEX BANK,"PROFESSIONAL, SCIENTIFIC AND TECHNICAL ACTIVITIES",28.5,35.0,2026-02-06
POLARIS BANK,"PROFESSIONAL, SCIENTIFIC AND TECHNICAL ACTIVITIES",30.0,32.5,2026-02-06
PREMIUM TRUST BANK,"PROFESSIONAL, SCIENTIFIC AND TECHNICAL ACTIVITIES",29.0,36.0,2026-02-06
PROVIDUS BANK,"PROFESSIONAL, SCIENTIFIC AND TECHNICAL ACTIVITIES",28.0,31.5,2026-02-06
RAND MERCHANT BANK NIG. LTD,"PROFESSIONAL, SCIENTIFIC AND TECHNICAL ACTIVITIES",27.0,35.0,2026-02-06
SIGNATURE BANK,"PROFESSIONAL, SCIENTIFIC AND TECHNICAL ACTIVITIES",,,2026-02-06
STANBIC IBTC,"PROFESSIONAL, SCIENTIFIC AND TECHNICAL ACTIVITIES",,,2026-02-06
STANDARD CHARTERED BANK,"PROFESSIONAL, SCIENTIFIC AND TECHNICAL ACTIVITIES",8.0,60.0,2026-02-06
STERLING BANK,"PROFESSIONAL, SCIENTIFIC AND TECHNICAL ACTIVITIES",23.0,26.0,2026-02-06
SUNTRUST BANK,"PROFESSIONAL, SCIENTIFIC AND TECHNICAL ACTIVITIES",27.5,35.0,2026-02-06
TATUM BANK,"PROFESSIONAL, SCIENTIFIC AND TECHNICAL ACTIVITIES",,,2026-02-06
UNITED BANK FOR AFRICA,"PROFESSIONAL, SCIENTIFIC AND TECHNICAL ACTIVITIES",,,2026-02-06
UNION BANK,"PROFESSIONAL, SCIENTIFIC AND TECHNICAL ACTIVITIES",28.5,32.0,2026-02-06
UNITY BANK,"PROFESSIONAL, SCIENTIFIC AND TECHNICAL ACTIVITIES",32.0,37.0,2026-02-06
WEMA BANK,"PROFESSIONAL, SCIENTIFIC AND TECHNICAL ACTIVITIES",30.0,38.0,2026-02-06
ZENITH BANK,"PROFESSIONAL, SCIENTIFIC AND TECHNICAL ACTIVITIES",32.5,34.5,2026-02-06
ACCESS BANK,ADMINISTRATIVE AND SUPPORT SERVICE ACTIVITIES,,,2026-02-06
ALPHA MORGAN BANK,ADMINISTRATIVE AND SUPPORT SERVICE ACTIVITIES,25.5,32.0,2026-02-06
CITI BANK,ADMINISTRATIVE AND SUPPORT SERVICE ACTIVITIES,,,2026-02-06
CORONATION MERCHANT BANK,ADMINISTRATIVE AND SUPPORT SERVICE ACTIVITIES,19.5,23.0,2026-02-06
ECOBANK,ADMINISTRATIVE AND SUPPORT SERVICE ACTIVITIES,,,2026-02-06
FBN QUEST MERCHANT BANK,ADMINISTRATIVE AND SUPPORT SERVICE ACTIVITIES,26.75,35.0,2026-02-06
FCMB,ADMINISTRATIVE AND SUPPORT SERVICE ACTIVITIES,,,2026-02-06
FIDELITY BANK,ADMINISTRATIVE AND SUPPORT SERVICE ACTIVITIES,31.0,40.0,2026-02-06
FIRST BANK OF NIGERIA,ADMINISTRATIVE AND SUPPORT SERVICE ACTIVITIES,30.0,36.0,2026-02-06
FSDH MERCHANT BANK,ADMINISTRATIVE AND SUPPORT SERVICE ACTIVITIES,26.0,35.0,2026-02-06
GLOBUS BANK LTD,ADMINISTRATIVE AND SUPPORT SERVICE ACTIVITIES,,,2026-02-06
GREENWICH MERCHANT BANK,ADMINISTRATIVE AND SUPPORT SERVICE ACTIVITIES,31.0,33.0,2026-02-06
GUARANTY TRUST BANK,ADMINISTRATIVE AND SUPPORT SERVICE ACTIVITIES,27.0,30.0,2026-02-06
KEYSTONE BANK LTD,ADMINISTRATIVE AND SUPPORT SERVICE ACTIVITIES,,,2026-02-06
NOVA BANK,ADMINISTRATIVE AND SUPPORT SERVICE ACTIVITIES,30.5,36.0,2026-02-06
OPTIMUS BANK,ADMINISTRATIVE AND SUPPORT SERVICE ACTIVITIES,,,2026-02-06
PARALLEX BANK,ADMINISTRATIVE AND SUPPORT SERVICE ACTIVITIES,28.5,35.0,2026-02-06
POLARIS BANK,ADMINISTRATIVE AND SUPPORT SERVICE ACTIVITIES,30.0,32.5,2026-02-06
PREMIUM TRUST BANK,ADMINISTRATIVE AND SUPPORT SERVICE ACTIVITIES,29.0,36.0,2026-02-06
PROVIDUS BANK,ADMINISTRATIVE AND SUPPORT SERVICE ACTIVITIES,28.0,30.0,2026-02-06
RAND MERCHANT BANK NIG. LTD,ADMINISTRATIVE AND SUPPORT SERVICE ACTIVITIES,27.0,35.0,2026-02-06
SIGNATURE BANK,ADMINISTRATIVE AND SUPPORT SERVICE ACTIVITIES,,,2026-02-06
STANBIC IBTC,ADMINISTRATIVE AND SUPPORT SERVICE ACTIVITIES,,,2026-02-06
STANDARD CHARTERED BANK,ADMINISTRATIVE AND SUPPORT SERVICE ACTIVITIES,1.0,60.0,2026-02-06
STERLING BANK,ADMINISTRATIVE AND SUPPORT SERVICE ACTIVITIES,23.0,26.0,2026-02-06
SUNTRUST BANK,ADMINISTRATIVE AND SUPPORT SERVICE ACTIVITIES,27.5,35.0,2026-02-06
TATUM BANK,ADMINISTRATIVE AND SUPPORT SERVICE ACTIVITIES,22.0,35.0,2026-02-06
UNITED BANK FOR AFRICA,ADMINISTRATIVE AND SUPPORT SERVICE ACTIVITIES,,,2026-02-06
UNION BANK,ADMINISTRATIVE AND SUPPORT SERVICE ACTIVITIES,28.5,32.0,2026-02-06
UNITY BANK,ADMINISTRATIVE AND SUPPORT SERVICE ACTIVITIES,,,2026-02-06
WEMA BANK,ADMINISTRATIVE AND SUPPORT SERVICE ACTIVITIES,30.0,38.0,2026-02-06
ZENITH BANK,ADMINISTRATIVE AND SUPPORT SERVICE ACTIVITIES,32.5,34.5,2026-02-06
ACCESS BANK,EDUCATION,,,2026-02-06
ALPHA MORGAN BANK,EDUCATION,25.5,32.0,2026-02-06
CITI BANK,EDUCATION,,,2026-02-06
CORONATION MERCHANT BANK,EDUCATION,19.5,23.0,2026-02-06
ECOBANK,EDUCATION,,,2026-02-06
FBN QUEST MERCHANT BANK,EDUCATION,26.75,35.0,2026-02-06
FCMB,EDUCATION,,,2026-02-06
FIDELITY BANK,EDUCATION,31.0,46.1,2026-02-06
FIRST BANK OF NIGERIA,EDUCATION,30.0,36.0,2026-02-06
FSDH MERCHANT BANK,EDUCATION,26.0,37.0,2026-02-06
GLOBUS BANK LTD,EDUCATION,,,2026-02-06
GREENWICH MERCHANT BANK,EDUCATION,31.0,33.0,2026-02-06
GUARANTY TRUST BANK,EDUCATION,,,2026-02-06
KEYSTONE BANK LTD,EDUCATION,28.0,32.0,2026-02-06
NOVA BANK,EDUCATION,30.5,36.0,2026-02-06
OPTIMUS BANK,EDUCATION,,,2026-02-06
PARALLEX BANK,EDUCATION,28.5,35.0,2026-02-06
POLARIS BANK,EDUCATION,30.0,32.5,2026-02-06
PREMIUM TRUST BANK,EDUCATION,29.0,37.0,2026-02-06
PROVIDUS BANK,EDUCATION,28.0,35.0,2026-02-06
RAND MERCHANT BANK NIG. LTD,EDUCATION,27.0,35.0,2026-02-06
SIGNATURE BANK,EDUCATION,,,2026-02-06
STANBIC IBTC,EDUCATION,,,2026-02-06
STANDARD CHARTERED BANK,EDUCATION,1.0,39.6,2026-02-06
STERLING BANK,EDUCATION,23.0,26.0,2026-02-06
SUNTRUST BANK,EDUCATION,27.5,35.0,2026-02-06
TATUM BANK,EDUCATION,22.0,22.0,2026-02-06
UNITED BANK FOR AFRICA,EDUCATION,,,2026-02-06
UNION BANK,EDUCATION,28.5,32.0,2026-02-06
UNITY BANK,EDUCATION,28.0,28.0,2026-02-06
WEMA BANK,EDUCATION,30.0,38.0,2026-02-06
ZENITH BANK,EDUCATION,32.5,34.5,2026-02-06
ACCESS BANK,HUMAN HEALTH AND SOCIAL WORK ACTIVITIES,,,2026-02-06
ALPHA MORGAN BANK,HUMAN HEALTH AND SOCIAL WORK ACTIVITIES,25.5,32.0,2026-02-06
CITI BANK,HUMAN HEALTH AND SOCIAL WORK ACTIVITIES,,,2026-02-06
CORONATION MERCHANT BANK,HUMAN HEALTH AND SOCIAL WORK ACTIVITIES,19.5,23.0,2026-02-06
ECOBANK,HUMAN HEALTH AND SOCIAL WORK ACTIVITIES,,,2026-02-06
FBN QUEST MERCHANT BANK,HUMAN HEALTH AND SOCIAL WORK ACTIVITIES,26.75,35.0,2026-02-06
FCMB,HUMAN HEALTH AND SOCIAL WORK ACTIVITIES,,,2026-02-06
FIDELITY BANK,HUMAN HEALTH AND SOCIAL WORK ACTIVITIES,31.0,46.1,2026-02-06
FIRST BANK OF NIGERIA,HUMAN HEALTH AND SOCIAL WORK ACTIVITIES,30.0,36.0,2026-02-06
FSDH MERCHANT BANK,HUMAN HEALTH AND SOCIAL WORK ACTIVITIES,26.0,36.0,2026-02-06
GLOBUS BANK LTD,HUMAN HEALTH AND SOCIAL WORK ACTIVITIES,28.0,33.0,2026-02-06
GREENWICH MERCHANT BANK,HUMAN HEALTH AND SOCIAL WORK ACTIVITIES,31.0,33.0,2026-02-06
GUARANTY TRUST BANK,HUMAN HEALTH AND SOCIAL WORK ACTIVITIES,,,2026-02-06
KEYSTONE BANK LTD,HUMAN HEALTH AND SOCIAL WORK ACTIVITIES,32.0,32.0,2026-02-06
NOVA BANK,HUMAN HEALTH AND SOCIAL WORK ACTIVITIES,30.5,36.0,2026-02-06
OPTIMUS BANK,HUMAN HEALTH AND SOCIAL WORK ACTIVITIES,,,2026-02-06
PARALLEX BANK,HUMAN HEALTH AND SOCIAL WORK ACTIVITIES,28.5,35.0,2026-02-06
POLARIS BANK,HUMAN HEALTH AND SOCIAL WORK ACTIVITIES,30.0,32.5,2026-02-06
PREMIUM TRUST BANK,HUMAN HEALTH AND SOCIAL WORK ACTIVITIES,29.0,36.0,2026-02-06
PROVIDUS BANK,HUMAN HEALTH AND SOCIAL WORK ACTIVITIES,28.0,33.0,2026-02-06
RAND MERCHANT BANK NIG. LTD,HUMAN HEALTH AND SOCIAL WORK ACTIVITIES,27.0,35.0,2026-02-06
SIGNATURE BANK,HUMAN HEALTH AND SOCIAL WORK ACTIVITIES,,,2026-02-06
STANBIC IBTC,HUMAN HEALTH AND SOCIAL WORK ACTIVITIES,,,2026-02-06
STANDARD CHARTERED BANK,HUMAN HEALTH AND SOCIAL WORK ACTIVITIES,1.0,60.0,2026-02-06
STERLING BANK,HUMAN HEALTH AND SOCIAL WORK ACTIVITIES,23.0,26.0,2026-02-06
SUNTRUST BANK,HUMAN HEALTH AND SOCIAL WORK ACTIVITIES,27.5,35.0,2026-02-06
TATUM BANK,HUMAN HEALTH AND SOCIAL WORK ACTIVITIES,,,2026-02-06
UNITED BANK FOR AFRICA,HUMAN HEALTH AND SOCIAL WORK ACTIVITIES,,,2026-02-06
UNION BANK,HUMAN HEALTH AND SOCIAL WORK ACTIVITIES,28.5,32.0,2026-02-06
UNITY BANK,HUMAN HEALTH AND SOCIAL WORK ACTIVITIES,26.0,31.0,2026-02-06
WEMA BANK,HUMAN HEALTH AND SOCIAL WORK ACTIVITIES,30.0,38.0,2026-02-06
ZENITH BANK,HUMAN HEALTH AND SOCIAL WORK ACTIVITIES,32.5,34.5,2026-02-06
ACCESS BANK,"ARTS, ENTERTAINMENT AND RECREATION",,,2026-02-06
ALPHA MORGAN BANK,"ARTS, ENTERTAINMENT AND RECREATION",25.5,32.0,2026-02-06
CITI BANK,"ARTS, ENTERTAINMENT AND RECREATION",,,2026-02-06
CORONATION MERCHANT BANK,"ARTS, ENTERTAINMENT AND RECREATION",,,2026-02-06
ECOBANK,"ARTS, ENTERTAINMENT AND RECREATION",,,2026-02-06
FBN QUEST MERCHANT BANK,"ARTS, ENTERTAINMENT AND RECREATION",,,2026-02-06
FCMB,"ARTS, ENTERTAINMENT AND RECREATION",,,2026-02-06
FIDELITY BANK,"ARTS, ENTERTAINMENT AND RECREATION",31.0,46.1,2026-02-06
FIRST BANK OF NIGERIA,"ARTS, ENTERTAINMENT AND RECREATION",30.0,36.0,2026-02-06
FSDH MERCHANT BANK,"ARTS, ENTERTAINMENT AND RECREATION",26.0,32.0,2026-02-06
GLOBUS BANK LTD,"ARTS, ENTERTAINMENT AND RECREATION",,,2026-02-06
GREENWICH MERCHANT BANK,"ARTS, ENTERTAINMENT AND RECREATION",31.0,33.0,2026-02-06
GUARANTY TRUST BANK,"ARTS, ENTERTAINMENT AND RECREATION",,,2026-02-06
KEYSTONE BANK LTD,"ARTS, ENTERTAINMENT AND RECREATION",,,2026-02-06
NOVA BANK,"ARTS, ENTERTAINMENT AND RECREATION",30.5,36.0,2026-02-06
OPTIMUS BANK,"ARTS, ENTERTAINMENT AND RECREATION",,,2026-02-06
PARALLEX BANK,"ARTS, ENTERTAINMENT AND RECREATION",28.5,35.0,2026-02-06
POLARIS BANK,"ARTS, ENTERTAINMENT AND RECREATION",30.0,32.5,2026-02-06
PREMIUM TRUST BANK,"ARTS, ENTERTAINMENT AND RECREATION",29.0,36.0,2026-02-06
PROVIDUS BANK,"ARTS, ENTERTAINMENT AND RECREATION",28.0,35.0,2026-02-06
RAND MERCHANT BANK NIG. LTD,"ARTS, ENTERTAINMENT AND RECREATION",27.0,35.0,2026-02-06
SIGNATURE BANK,"ARTS, ENTERTAINMENT AND RECREATION",,,2026-02-06
STANBIC IBTC,"ARTS, ENTERTAINMENT AND RECREATION",,,2026-02-06
STANDARD CHARTERED BANK,"ARTS, ENTERTAINMENT AND RECREATION",20.0,48.0,2026-02-06
STERLING BANK,"ARTS, ENTERTAINMENT AND RECREATION",23.0,26.0,2026-02-06
SUNTRUST BANK,"ARTS, ENTERTAINMENT AND RECREATION",27.5,35.0,2026-02-06
TATUM BANK,"ARTS, ENTERTAINMENT AND RECREATION",,,2026-02-06
UNITED BANK FOR AFRICA,"ARTS, ENTERTAINMENT AND RECREATION",,,2026-02-06
UNION BANK,"ARTS, ENTERTAINMENT AND RECREATION",28.5,32.0,2026-02-06
UNITY BANK,"ARTS, ENTERTAINMENT AND RECREATION",,,2026-02-06
WEMA BANK,"ARTS, ENTERTAINMENT AND RECREATION",30.0,38.0,2026-02-06
ZENITH BANK,"ARTS, ENTERTAINMENT AND RECREATION",32.5,34.5,2026-02-06
ACCESS BANK,ACTIVITIES OF EXTRATERRITORIAL ORGANIZATIONS AND BODIES,,,2026-02-06
ALPHA MORGAN BANK,ACTIVITIES OF EXTRATERRITORIAL ORGANIZATIONS AND BODIES,,,2026-02-06
CITI BANK,ACTIVITIES OF EXTRATERRITORIAL ORGANIZATIONS AND BODIES,,,2026-02-06
CORONATION MERCHANT BANK,ACTIVITIES OF EXTRATERRITORIAL ORGANIZATIONS AND BODIES,19.5,23.0,2026-02-06
ECOBANK,ACTIVITIES OF EXTRATERRITORIAL ORGANIZATIONS AND BODIES,,,2026-02-06
FBN QUEST MERCHANT BANK,ACTIVITIES OF EXTRATERRITORIAL ORGANIZATIONS AND BODIES,,,2026-02-06
FCMB,ACTIVITIES OF EXTRATERRITORIAL ORGANIZATIONS AND BODIES,,,2026-02-06
FIDELITY BANK,ACTIVITIES OF EXTRATERRITORIAL ORGANIZATIONS AND BODIES,31.0,,2026-02-06
FIRST BANK OF NIGERIA,ACTIVITIES OF EXTRATERRITORIAL ORGANIZATIONS AND BODIES,30.0,36.0,2026-02-06
FSDH MERCHANT BANK,ACTIVITIES OF EXTRATERRITORIAL ORGANIZATIONS AND BODIES,,,2026-02-06
GLOBUS BANK LTD,ACTIVITIES OF EXTRATERRITORIAL ORGANIZATIONS AND BODIES,,,2026-02-06
GREENWICH MERCHANT BANK,ACTIVITIES OF EXTRATERRITORIAL ORGANIZATIONS AND BODIES,31.0,33.0,2026-02-06
GUARANTY TRUST BANK,ACTIVITIES OF EXTRATERRITORIAL ORGANIZATIONS AND BODIES,,,2026-02-06
KEYSTONE BANK LTD,ACTIVITIES OF EXTRATERRITORIAL ORGANIZATIONS AND BODIES,,,2026-02-06
NOVA BANK,ACTIVITIES OF EXTRATERRITORIAL ORGANIZATIONS AND BODIES,30.5,36.0,2026-02-06
OPTIMUS BANK,ACTIVITIES OF EXTRATERRITORIAL ORGANIZATIONS AND BODIES,,,2026-02-06
PARALLEX BANK,ACTIVITIES OF EXTRATERRITORIAL ORGANIZATIONS AND BODIES,28.5,35.0,2026-02-06
POLARIS BANK,ACTIVITIES OF EXTRATERRITORIAL ORGANIZATIONS AND BODIES,30.0,32.5,2026-02-06
PREMIUM TRUST BANK,ACTIVITIES OF EXTRATERRITORIAL ORGANIZATIONS AND BODIES,,,2026-02-06
PROVIDUS BANK,ACTIVITIES OF EXTRATERRITORIAL ORGANIZATIONS AND BODIES,28.0,,2026-02-06
RAND MERCHANT BANK NIG. LTD,ACTIVITIES OF EXTRATERRITORIAL ORGANIZATIONS AND BODIES,27.0,35.0,2026-02-06
SIGNATURE BANK,ACTIVITIES OF EXTRATERRITORIAL ORGANIZATIONS AND BODIES,,,2026-02-06
STANBIC IBTC,ACTIVITIES OF EXTRATERRITORIAL ORGANIZATIONS AND BODIES,,,2026-02-06
STANDARD CHARTERED BANK,ACTIVITIES OF EXTRATERRITORIAL ORGANIZATIONS AND BODIES,26.5,39.6,2026-02-06
STERLING BANK,ACTIVITIES OF EXTRATERRITORIAL ORGANIZATIONS AND BODIES,23.0,26.0,2026-02-06
SUNTRUST BANK,ACTIVITIES OF EXTRATERRITORIAL ORGANIZATIONS AND BODIES,27.5,35.0,2026-02-06
TATUM BANK,ACTIVITIES OF EXTRATERRITORIAL ORGANIZATIONS AND BODIES,,,2026-02-06
UNITED BANK FOR AFRICA,ACTIVITIES OF EXTRATERRITORIAL ORGANIZATIONS AND BODIES,,,2026-02-06
UNION BANK,ACTIVITIES OF EXTRATERRITORIAL ORGANIZATIONS AND BODIES,28.5,32.0,2026-02-06
UNITY BANK,ACTIVITIES OF EXTRATERRITORIAL ORGANIZATIONS AND BODIES,,,2026-02-06
WEMA BANK,ACTIVITIES OF EXTRATERRITORIAL ORGANIZATIONS AND BODIES,30.0,38.0,2026-02-06
ZENITH BANK,ACTIVITIES OF EXTRATERRITORIAL ORGANIZATIONS AND BODIES,,,2026-02-06
ACCESS BANK,POWER AND ENERGY,,,2026-02-06
ALPHA MORGAN BANK,POWER AND ENERGY,25.5,30.0,2026-02-06
CITI BANK,POWER AND ENERGY,,,2026-02-06
CORONATION MERCHANT BANK,POWER AND ENERGY,19.5,23.0,2026-02-06
ECOBANK,POWER AND ENERGY,,,2026-02-06
FBN QUEST MERCHANT BANK,POWER AND ENERGY,26.75,26.75,2026-02-06
FCMB,POWER AND ENERGY,,,2026-02-06
FIDELITY BANK,POWER AND ENERGY,28.0,31.0,2026-02-06
FIRST BANK OF NIGERIA,POWER AND ENERGY,30.0,36.0,2026-02-06
FSDH MERCHANT BANK,POWER AND ENERGY,26.0,35.0,2026-02-06
GLOBUS BANK LTD,POWER AND ENERGY,28.5,28.5,2026-02-06
GREENWICH MERCHANT BANK,POWER AND ENERGY,31.0,33.0,2026-02-06
GUARANTY TRUST BANK,POWER AND ENERGY,,,2026-02-06
KEYSTONE BANK LTD,POWER AND ENERGY,12.0,28.0,2026-02-06
NOVA BANK,POWER AND ENERGY,30.5,36.0,2026-02-06
OPTIMUS BANK,POWER AND ENERGY,30.0,20.0,2026-02-06
PARALLEX BANK,POWER AND ENERGY,28.5,35.0,2026-02-06
POLARIS BANK,POWER AND ENERGY,30.0,32.5,2026-02-06
PREMIUM TRUST BANK,POWER AND ENERGY,29.0,36.0,2026-02-06
PROVIDUS BANK,POWER AND ENERGY,28.0,30.0,2026-02-06
RAND MERCHANT BANK NIG. LTD,POWER AND ENERGY,27.0,35.0,2026-02-06
SIGNATURE BANK,POWER AND ENERGY,,,2026-02-06
STANBIC IBTC,POWER AND ENERGY,,,2026-02-06
STANDARD CHARTERED BANK,POWER AND ENERGY,1.0,48.0,2026-02-06
STERLING BANK,POWER AND ENERGY,23.0,26.0,2026-02-06
SUNTRUST BANK,POWER AND ENERGY,27.5,35.0,2026-02-06
TATUM BANK,POWER AND ENERGY,,,2026-02-06
UNITED BANK FOR AFRICA,POWER AND ENERGY,,,2026-02-06
UNION BANK,POWER AND ENERGY,28.5,32.0,2026-02-06
UNITY BANK,POWER AND ENERGY,14.0,27.75,2026-02-06
WEMA BANK,POWER AND ENERGY,30.0,38.0,2026-02-06
ZENITH BANK,POWER AND ENERGY,32.5,34.5,2026-02-06
ACCESS BANK,CAPITAL MARKET,,,2026-02-06
ALPHA MORGAN BANK,CAPITAL MARKET,,,2026-02-06
CITI BANK,CAPITAL MARKET,,,2026-02-06
CORONATION MERCHANT BANK,CAPITAL MARKET,19.5,23.0,2026-02-06
ECOBANK,CAPITAL MARKET,,,2026-02-06
FBN QUEST MERCHANT BANK,CAPITAL MARKET,,,2026-02-06
FCMB,CAPITAL MARKET,,,2026-02-06
FIDELITY BANK,CAPITAL MARKET,31.0,,2026-02-06
FIRST BANK OF NIGERIA,CAPITAL MARKET,30.0,36.0,2026-02-06
FSDH MERCHANT BANK,CAPITAL MARKET,,,2026-02-06
GLOBUS BANK LTD,CAPITAL MARKET,,,2026-02-06
GREENWICH MERCHANT BANK,CAPITAL MARKET,31.0,33.0,2026-02-06
GUARANTY TRUST BANK,CAPITAL MARKET,,,2026-02-06
KEYSTONE BANK LTD,CAPITAL MARKET,,,2026-02-06
NOVA BANK,CAPITAL MARKET,30.5,36.0,2026-02-06
OPTIMUS BANK,CAPITAL MARKET,30.0,20.0,2026-02-06
PARALLEX BANK,CAPITAL MARKET,28.5,35.0,2026-02-06
POLARIS BANK,CAPITAL MARKET,30.0,32.5,2026-02-06
PREMIUM TRUST BANK,CAPITAL MARKET,29.0,36.0,2026-02-06
PROVIDUS BANK,CAPITAL MARKET,28.0,,2026-02-06
RAND MERCHANT BANK NIG. LTD,CAPITAL MARKET,27.0,35.0,2026-02-06
SIGNATURE BANK,CAPITAL MARKET,,,2026-02-06
STANBIC IBTC,CAPITAL MARKET,,,2026-02-06
STANDARD CHARTERED BANK,CAPITAL MARKET,20.0,48.0,2026-02-06
STERLING BANK,CAPITAL MARKET,23.0,26.0,2026-02-06
SUNTRUST BANK,CAPITAL MARKET,27.5,35.0,2026-02-06
TATUM BANK,CAPITAL MARKET,,,2026-02-06
UNITED BANK FOR AFRICA,CAPITAL MARKET,,,2026-02-06
UNION BANK,CAPITAL MARKET,28.5,32.0,2026-02-06
UNITY BANK,CAPITAL MARKET,,,2026-02-06
WEMA BANK,CAPITAL MARKET,30.0,38.0,2026-02-06
ZENITH BANK,CAPITAL MARKET,32.5,34.5,2026-02-06
ACCESS BANK,OIL & GAS,,,2026-02-06
ALPHA MORGAN BANK,OIL & GAS,25.5,32.0,2026-02-06
CITI BANK,OIL & GAS,27.0,33.0,2026-02-06
CORONATION MERCHANT BANK,OIL & GAS,19.5,23.0,2026-02-06
ECOBANK,OIL & GAS,11.47,34.0,2026-02-06
FBN QUEST MERCHANT BANK,OIL & GAS,26.75,35.0,2026-02-06
FCMB,OIL & GAS,11.5,32.0,2026-02-06
FIDELITY BANK,OIL & GAS,31.0,46.1,2026-02-06
FIRST BANK OF NIGERIA,OIL & GAS,30.0,36.0,2026-02-06
FSDH MERCHANT BANK,OIL & GAS,26.0,36.0,2026-02-06
GLOBUS BANK LTD,OIL & GAS,25.0,34.0,2026-02-06
GREENWICH MERCHANT BANK,OIL & GAS,31.0,33.0,2026-02-06
GUARANTY TRUST BANK,OIL & GAS,,,2026-02-06
KEYSTONE BANK LTD,OIL & GAS,7.34,32.0,2026-02-06
NOVA BANK,OIL & GAS,30.5,36.0,2026-02-06
OPTIMUS BANK,OIL & GAS,30.0,22.62,2026-02-06
PARALLEX BANK,OIL & GAS,28.5,35.0,2026-02-06
POLARIS BANK,OIL & GAS,30.0,32.5,2026-02-06
PREMIUM TRUST BANK,OIL & GAS,29.0,36.0,2026-02-06
PROVIDUS BANK,OIL & GAS,28.0,35.0,2026-02-06
RAND MERCHANT BANK NIG. LTD,OIL & GAS,27.0,35.0,2026-02-06
SIGNATURE BANK,OIL & GAS,27.0,27.0,2026-02-06
STANBIC IBTC,OIL & GAS,32.0,36.0,2026-02-06
STANDARD CHARTERED BANK,OIL & GAS,1.0,48.0,2026-02-06
STERLING BANK,OIL & GAS,23.0,26.0,2026-02-06
SUNTRUST BANK,OIL & GAS,27.5,35.0,2026-02-06
TATUM BANK,OIL & GAS,22.0,32.5,2026-02-06
UNITED BANK FOR AFRICA,OIL & GAS,,,2026-02-06
UNION BANK,OIL & GAS,28.5,32.0,2026-02-06
UNITY BANK,OIL & GAS,29.25,37.0,2026-02-06
WEMA BANK,OIL & GAS,30.0,38.0,2026-02-06
ZENITH BANK,OIL & GAS,32.5,33.5,2026-02-06
